Metric,SimpleRNN,LSTM
Mean Squared Error (MSE),1330717177.8511648,2857324226.729475
Root Mean Squared Error (RMSE),36478.99639314608,53453.944912695406
Mean Absolute Percentage Error (MAPE),0.03414832837061893,0.051036562961143755
Mean Absolute Error (MAE),31863.395150000026,47634.020150000026
R-squared (R2),-0.3201581053140634,-1.83465172029894
