RMSE,MAE,MSE,MAPE
1.712877417886026,1.396961472951712,2.9339490487038997,1.224174909520777
