RMSE,MAE,MSE,MAPE
1.6677462634258275,1.3597925811555158,2.78137759917081,1.3912782571833942
