RMSE,MAE,MSE,MAPE
1.7399414328357514,1.3854351511257792,3.0273961896985275,2.295882315521297
