RMSE,MAE,MSE,MAPE
1.6785200130174023,1.3759940868943017,2.81742943409994,1.3523482114154801
